location_id,latitude,longitude,elevation_m,slope_deg
AIZ_GRID_040_23.738889_92.696389,23.738889,92.696389,1042.0,28.00108337402344
AIZ_GRID_040_23.739472_92.696667,23.739472,92.696667,1040.0,24.626888275146484
AIZ_GRID_040_23.740278_92.697222,23.740278,92.697222,1035.0,23.32939910888672
AIZ_GRID_040_23.740667_92.693361,23.740667,92.693361,933.0,20.926502227783203
AIZ_GRID_040_23.738575_92.694194,23.738575,92.694194,974.0,28.89985084533692
AIZ_GRID_040_23.744722_92.692778,23.744722,92.692778,984.0,19.768285751342773
AIZ_GRID_040_23.741167_92.694556,23.741167,92.694556,948.0,28.23966407775879
AIZ_GRID_040_23.7375_92.694444,23.7375,92.694444,1007.0,24.476747512817383
AIZ_GRID_040_23.733861_92.694917,23.733861,92.694917,899.0,28.761680603027344
AIZ_GRID_040_23.726694_92.695194,23.726694,92.695194,903.0,27.686426162719727
AIZ_GRID_040_23.733611_92.693889,23.733611,92.693889,891.0,24.97211647033692
AIZ_GRID_040_23.734722_92.695,23.734722,92.695,922.0,12.168827056884766
AIZ_GRID_040_23.733056_92.699444,23.733056,92.699444,910.0,28.78240394592285
AIZ_GRID_040_23.749722_92.698333,23.749722,92.698333,632.0,8.904701232910156
AIZ_GRID_041_23.731111_92.702222,23.731111,92.702222,877.0,14.595784187316896
AIZ_GRID_041_23.731111_92.703889,23.731111,92.703889,882.0,28.0842399597168
AIZ_GRID_041_23.733333_92.705278,23.733333,92.705278,949.0,18.31635856628418
AIZ_GRID_040_23.735833_92.697778,23.735833,92.697778,979.0,23.251510620117188
AIZ_GRID_041_23.731328_92.708219,23.731328,92.708219,889.0,15.226140022277832
AIZ_GRID_041_23.724283_92.707378,23.724283,92.707378,988.0,26.4307918548584
AIZ_GRID_041_23.722769_92.70665,23.722769,92.70665,953.0,38.04790878295898
AIZ_GRID_041_23.714464_92.711464,23.714464,92.711464,996.0,28.428613662719727
AIZ_GRID_041_23.715811_92.70935,23.715811,92.70935,905.0,34.40541458129883
AIZ_GRID_041_23.71595_92.708794,23.71595,92.708794,909.0,40.60223007202149
AIZ_GRID_041_23.7175_92.706667,23.7175,92.706667,912.0,12.113170623779297
AIZ_GRID_041_23.717408_92.706442,23.717408,92.706442,906.0,16.752363204956055
AIZ_GRID_041_23.717356_92.707533,23.717356,92.707533,914.0,39.87944793701172
AIZ_GRID_041_23.717217_92.707778,23.717217,92.707778,923.0,35.23633575439453
AIZ_GRID_041_23.716972_92.708172,23.716972,92.708172,912.0,31.827539443969727
AIZ_GRID_041_23.713056_92.708958,23.713056,92.708958,986.0,12.032991409301758
AIZ_GRID_041_23.715231_92.715292,23.715231,92.715292,1022.0,21.22980499267578
AIZ_GRID_041_23.74_92.715,23.74,92.715,1065.0,40.31692123413086
AIZ_GRID_041_23.739444_92.714722,23.739444,92.714722,1066.0,48.21201705932617
AIZ_GRID_041_23.711389_92.724444,23.711389,92.724444,922.0,25.768310546875
AIZ_GRID_041_23.716389_92.721111,23.716389,92.721111,997.0,17.73926544189453
AIZ_GRID_041_23.714444_92.728611,23.714444,92.728611,845.0,19.51909446716309
AIZ_GRID_041_23.715714_92.726597,23.715714,92.726597,853.0,24.651403427124023
AIZ_GRID_041_23.7104_92.722378,23.7104,92.722378,963.0,39.10588073730469
AIZ_GRID_041_23.718658_92.723353,23.718658,92.723353,940.0,33.2645263671875
AIZ_GRID_041_23.7175_92.719722,23.7175,92.719722,1099.0,26.87264060974121
AIZ_GRID_041_23.71_92.716111,23.71,92.716111,934.0,28.097299575805664
AIZ_GRID_041_23.706667_92.714444,23.706667,92.714444,1027.0,31.610700607299805
AIZ_GRID_041_23.705278_92.711389,23.705278,92.711389,1060.0,34.32509994506836
AIZ_GRID_041_23.704167_92.712222,23.704167,92.712222,1070.0,32.48820877075195
AIZ_GRID_041_23.700278_92.716111,23.700278,92.716111,1018.0,27.70359992980957
AIZ_GRID_033_23.699722_92.716944,23.699722,92.716944,1031.0,30.935073852539062
AIZ_GRID_033_23.680278_92.724722,23.680278,92.724722,920.0,27.81185913085937
AIZ_GRID_033_23.678056_92.72,23.678056,92.72,996.0,33.00326156616211
AIZ_GRID_025_23.643333_92.734444,23.643333,92.734444,720.0,14.505157470703123
AIZ_GRID_025_23.646389_92.726389,23.646389,92.726389,783.0,29.457958221435547
AIZ_GRID_025_23.646389_92.725278,23.646389,92.725278,824.0,16.256122589111328
AIZ_GRID_025_23.631111_92.723889,23.631111,92.723889,845.0,25.91125869750977
AIZ_GRID_025_23.630556_92.723056,23.630556,92.723056,872.0,19.441648483276367
AIZ_GRID_025_23.628333_92.723333,23.628333,92.723333,787.0,23.50261878967285
AIZ_GRID_025_23.622778_92.724444,23.622778,92.724444,816.0,19.582061767578125
AIZ_GRID_025_23.621944_92.723056,23.621944,92.723056,812.0,7.370669364929199
AIZ_GRID_025_23.620833_92.7225,23.620833,92.7225,819.0,16.471155166625977
AIZ_GRID_025_23.619167_92.7225,23.619167,92.7225,841.0,30.48874282836914
AIZ_GRID_025_23.62_92.724722,23.62,92.724722,811.0,22.66691017150879
AIZ_GRID_025_23.619722_92.725278,23.619722,92.725278,808.0,13.521445274353027
AIZ_GRID_025_23.620278_92.725556,23.620278,92.725556,781.0,10.557177543640137
AIZ_GRID_025_23.620278_92.726111,23.620278,92.726111,775.0,12.898162841796877
AIZ_GRID_025_23.621111_92.724444,23.621111,92.724444,817.0,15.226140022277832
AIZ_GRID_033_23.687433_92.721292,23.687433,92.721292,1091.0,19.252243041992188
AIZ_GRID_033_23.676944_92.717222,23.676944,92.717222,1095.0,35.12616729736328
AIZ_GRID_033_23.675833_92.715,23.675833,92.715,992.0,20.369962692260746
AIZ_GRID_033_23.674722_92.717222,23.674722,92.717222,1106.0,12.113170623779297
AIZ_GRID_033_23.674444_92.714722,23.674444,92.714722,995.0,26.133516311645508
AIZ_GRID_033_23.673889_92.714722,23.673889,92.714722,1002.0,30.271915435791016
AIZ_GRID_033_23.672069_92.709929,23.672069,92.709929,996.0,14.350937843322754
AIZ_GRID_033_23.684301_92.715511,23.684301,92.715511,1033.0,24.405174255371094
AIZ_GRID_041_23.706389_92.720556,23.706389,92.720556,892.0,40.88198471069336
AIZ_GRID_041_23.704167_92.72,23.704167,92.72,884.0,42.60014343261719
AIZ_GRID_041_23.703056_92.720556,23.703056,92.720556,868.0,33.295074462890625
AIZ_GRID_033_23.693333_92.720556,23.693333,92.720556,970.0,33.75522232055664
AIZ_GRID_033_23.69_92.723611,23.69,92.723611,877.0,16.040876388549805
AIZ_GRID_033_23.683611_92.722778,23.683611,92.722778,924.0,31.2247314453125
AIZ_GRID_033_23.676111_92.719722,23.676111,92.719722,1003.0,41.29151916503906
AIZ_GRID_033_23.671389_92.723611,23.671389,92.723611,979.0,31.806421279907227
AIZ_GRID_033_23.666944_92.721944,23.666944,92.721944,958.0,33.46065139770508
AIZ_GRID_033_23.666667_92.723889,23.666667,92.723889,851.0,52.93409729003906
AIZ_GRID_033_23.660278_92.726944,23.660278,92.726944,850.0,31.568431854248047
AIZ_GRID_025_23.643889_92.725833,23.643889,92.725833,821.0,28.00108337402344
AIZ_GRID_025_23.635_92.723611,23.635,92.723611,835.0,38.7872200012207
AIZ_GRID_006_23.432778_92.761111,23.432778,92.761111,1513.0,19.981767654418945
AIZ_GRID_009_23.467778_92.741111,23.467778,92.741111,1337.0,49.54093170166016
AIZ_GRID_009_23.468056_92.716389,23.468056,92.716389,1123.0,32.27671813964844
AIZ_GRID_009_23.4725_92.714444,23.4725,92.714444,1072.0,21.8457145690918
AIZ_GRID_009_23.49_92.705556,23.49,92.705556,1043.0,38.71343231201172
AIZ_GRID_009_23.497222_92.703333,23.497222,92.703333,922.0,28.264209747314453
AIZ_GRID_011_23.513611_92.698333,23.513611,92.698333,806.0,28.70706367492676
AIZ_GRID_011_23.536667_92.6975,23.536667,92.6975,854.0,32.6060791015625
AIZ_GRID_012_23.541667_92.701944,23.541667,92.701944,870.0,27.95377540588379
AIZ_GRID_012_23.542778_92.703333,23.542778,92.703333,899.0,30.19009780883789
AIZ_GRID_012_23.529444_92.729444,23.529444,92.729444,989.0,25.722314834594727
AIZ_GRID_012_23.530833_92.730556,23.530833,92.730556,996.0,32.23304748535156
AIZ_GRID_012_23.531111_92.733611,23.531111,92.733611,1048.0,26.59383773803711
AIZ_GRID_012_23.530833_92.733333,23.530833,92.733333,1061.0,25.50950050354004
AIZ_GRID_019_23.563889_92.708056,23.563889,92.708056,838.0,40.77069854736328
AIZ_GRID_019_23.564167_92.708056,23.564167,92.708056,855.0,30.7674617767334
AIZ_GRID_019_23.565_92.707778,23.565,92.707778,848.0,29.66044807434082
AIZ_GRID_019_23.566667_92.708889,23.566667,92.708889,850.0,19.91641616821289
AIZ_GRID_049_23.773056_92.743611,23.773056,92.743611,1000.0,32.821224212646484
AIZ_GRID_050_23.774722_92.761944,23.774722,92.761944,1118.0,20.5286808013916
AIZ_GRID_050_23.773611_92.761111,23.773611,92.761111,1122.0,10.189693450927734
AIZ_GRID_041_23.748611_92.738611,23.748611,92.738611,965.0,24.01010513305664
AIZ_GRID_025_23.61_92.720833,23.61,92.720833,885.0,29.97786331176757
AIZ_GRID_025_23.606667_92.723056,23.606667,92.723056,933.0,7.602117538452148
AIZ_GRID_019_23.5925_92.716667,23.5925,92.716667,778.0,24.607479095458984
AIZ_GRID_019_23.587222_92.713611,23.587222,92.713611,827.0,28.28663825988769
AIZ_GRID_019_23.576944_92.713056,23.576944,92.713056,906.0,19.28753471374512
AIZ_GRID_019_23.580278_92.715,23.580278,92.715,919.0,17.647506713867188
AIZ_GRID_019_23.581389_92.714167,23.581389,92.714167,910.0,27.45517921447754
AIZ_GRID_019_23.586944_92.7175,23.586944,92.7175,950.0,29.43382835388184
AIZ_GRID_019_23.585556_92.715833,23.585556,92.715833,931.0,25.51914405822754
AIZ_GRID_019_23.585833_92.716389,23.585833,92.716389,957.0,15.89365005493164
AIZ_GRID_019_23.586389_92.715833,23.586389,92.715833,919.0,18.54336929321289
AIZ_GRID_033_23.653889_92.724444,23.653889,92.724444,746.0,30.547348022460938
AIZ_GRID_033_23.654167_92.717778,23.654167,92.717778,893.0,36.9641227722168
AIZ_GRID_033_23.655_92.714444,23.655,92.714444,888.0,22.506441116333008
AIZ_GRID_032_23.654167_92.69,23.654167,92.69,871.0,23.85238265991211
AIZ_GRID_032_23.660556_92.672778,23.660556,92.672778,1033.0,19.149185180664062
AIZ_GRID_032_23.660833_92.672778,23.660833,92.672778,1034.0,12.26225471496582
AIZ_GRID_032_23.657778_92.674444,23.657778,92.674444,962.0,10.850753784179688
AIZ_GRID_033_23.658611_92.705833,23.658611,92.705833,878.0,13.473954200744627
AIZ_GRID_033_23.681436_92.721442,23.681436,92.721442,1017.0,29.33857727050781
AIZ_GRID_042_23.735556_92.788333,23.735556,92.788333,523.0,21.32184410095215
AIZ_GRID_042_23.726944_92.795278,23.726944,92.795278,265.0,17.090373992919922
AIZ_GRID_042_23.732778_92.797222,23.732778,92.797222,261.0,18.84522247314453
AIZ_GRID_042_23.734167_92.798611,23.734167,92.798611,293.0,12.792301177978516
AIZ_GRID_042_23.745556_92.794444,23.745556,92.794444,358.0,37.00834655761719
AIZ_GRID_042_23.736667_92.797222,23.736667,92.797222,321.0,9.1850004196167
AIZ_GRID_042_23.736389_92.798056,23.736389,92.798056,339.0,14.958802223205566
AIZ_GRID_042_23.735833_92.798889,23.735833,92.798889,362.0,35.21625518798828
AIZ_GRID_042_23.736389_92.8,23.736389,92.8,366.0,33.610679626464844
AIZ_GRID_043_23.735556_92.800278,23.735556,92.800278,347.0,14.880057334899902
AIZ_GRID_042_23.719722_92.797778,23.719722,92.797778,220.0,23.86218643188477
AIZ_GRID_043_23.722222_92.801389,23.722222,92.801389,197.0,33.3203125
AIZ_GRID_043_23.733056_92.847778,23.733056,92.847778,756.0,40.45203399658203
AIZ_GRID_051_23.760833_92.8475,23.760833,92.8475,780.0,26.522600173950195
AIZ_GRID_070_23.869722_92.876111,23.869722,92.876111,977.0,17.17852783203125
AIZ_GRID_059_23.807506_92.834172,23.807506,92.834172,530.0,24.405174255371094
AIZ_GRID_041_23.723278_92.702222,23.723278,92.702222,912.0,34.640350341796875
AIZ_GRID_033_23.655306_92.7025,23.655306,92.7025,907.0,28.334793090820312
AIZ_GRID_041_23.708278_92.717111,23.708278,92.717111,1014.0,25.04520797729492
AIZ_GRID_057_23.829501_92.736459,23.829501,92.736459,1291.0,33.342323303222656
AIZ_GRID_057_23.828321_92.73701,23.828321,92.73701,1270.0,39.01408386230469
AIZ_GRID_019_23.599444_92.720194,23.599444,92.720194,766.0,30.603565216064453
AIZ_GRID_012_23.519806_92.700667,23.519806,92.700667,788.0,33.6378288269043
AIZ_GRID_117_24.271389_92.96,24.271389,92.96,775.0,20.5286808013916
AIZ_GRID_111_24.182528_92.949917,24.182528,92.949917,450.0,17.289247512817383
AIZ_GRID_070_23.866389_92.881389,23.866389,92.881389,944.0,30.37324523925781
AIZ_GRID_019_23.571667_92.710833,23.571667,92.710833,865.0,20.948665618896484
AIZ_GRID_019_23.583889_92.717222,23.583889,92.717222,972.0,12.113170623779297
AIZ_GRID_019_23.585917_92.717778,23.585917,92.717778,958.0,10.6621675491333
AIZ_GRID_019_23.559444_92.708333,23.559444,92.708333,786.0,15.769800186157228
AIZ_GRID_012_23.543806_92.701361,23.543806,92.701361,784.0,17.675397872924805
AIZ_GRID_012_23.540278_92.701389,23.540278,92.701389,875.0,26.749317169189453
AIZ_GRID_012_23.539861_92.700639,23.539861,92.700639,856.0,23.523117065429688
AIZ_GRID_011_23.535_92.696944,23.535,92.696944,827.0,46.80855178833008
AIZ_GRID_011_23.533333_92.697222,23.533333,92.697222,825.0,39.73119354248047
AIZ_GRID_011_23.529722_92.696111,23.529722,92.696111,813.0,37.58553314208984
AIZ_GRID_009_23.499917_92.701361,23.499917,92.701361,896.0,20.1423397064209
AIZ_GRID_012_23.5_92.701111,23.5,92.701111,883.0,26.815889358520508
AIZ_GRID_048_23.781389_92.676389,23.781389,92.676389,447.0,30.97755241394043
AIZ_GRID_028_23.634722_92.855,23.634722,92.855,1049.0,19.414628982543945
AIZ_GRID_028_23.608611_92.850556,23.608611,92.850556,1132.0,19.981767654418945
AIZ_GRID_041_23.733056_92.75,23.733056,92.75,967.0,33.75522232055664
AIZ_GRID_041_23.732222_92.75,23.732222,92.75,929.0,35.276466369628906
AIZ_GRID_041_23.731944_92.75,23.731944,92.75,931.0,39.39154052734375
AIZ_GRID_041_23.740833_92.741111,23.740833,92.741111,950.0,30.864177703857425
AIZ_GRID_041_23.749167_92.7375,23.749167,92.7375,1027.0,29.58232879638672
AIZ_GRID_049_23.769722_92.744722,23.769722,92.744722,1170.0,29.93304443359375
AIZ_GRID_049_23.763889_92.733889,23.763889,92.733889,1189.0,44.719764709472656
AIZ_GRID_049_23.760556_92.731944,23.760556,92.731944,1131.0,34.0235710144043
AIZ_GRID_041_23.715833_92.72,23.715833,92.72,1041.0,16.08530616760254
AIZ_GRID_041_23.738889_92.714722,23.738889,92.714722,1091.0,38.11953353881836
AIZ_GRID_041_23.736944_92.715,23.736944,92.715,1096.0,39.189720153808594
AIZ_GRID_040_23.749167_92.694167,23.749167,92.694167,816.0,27.463850021362305
AIZ_GRID_041_23.741944_92.713056,23.741944,92.713056,920.0,24.52652359008789
AIZ_GRID_041_23.743889_92.712222,23.743889,92.712222,820.0,29.562744140625
AIZ_GRID_041_23.747222_92.718056,23.747222,92.718056,951.0,36.59699249267578
AIZ_GRID_033_23.692778_92.720556,23.692778,92.720556,989.0,23.36318588256836
AIZ_GRID_033_23.697778_92.719444,23.697778,92.719444,1007.0,38.66463851928711
AIZ_GRID_033_23.699722_92.7175,23.699722,92.7175,1021.0,42.90288162231445
AIZ_GRID_041_23.709722_92.722222,23.709722,92.722222,930.0,46.35157775878906
AIZ_GRID_033_23.699444_92.719722,23.699444,92.719722,1073.0,18.351364135742188
AIZ_GRID_033_23.689167_92.720556,23.689167,92.720556,1032.0,24.37499237060547
AIZ_GRID_041_23.702778_92.720833,23.702778,92.720833,872.0,31.38419532775879
AIZ_GRID_041_23.7025_92.721389,23.7025,92.721389,853.0,36.096439361572266
AIZ_GRID_033_23.698056_92.722778,23.698056,92.722778,869.0,32.23304748535156
AIZ_GRID_033_23.693611_92.7225,23.693611,92.7225,867.0,34.92423248291016
AIZ_GRID_033_23.664167_92.720556,23.664167,92.720556,1064.0,19.5496826171875
AIZ_GRID_033_23.660556_92.725278,23.660556,92.725278,857.0,26.40682029724121
AIZ_GRID_033_23.66_92.726389,23.66,92.726389,872.0,29.110328674316406
AIZ_GRID_033_23.655278_92.726944,23.655278,92.726944,829.0,18.79589080810547
AIZ_GRID_033_23.651389_92.726944,23.651389,92.726944,787.0,18.351364135742188
AIZ_GRID_025_23.645556_92.724444,23.645556,92.724444,807.0,31.02042388916016
AIZ_GRID_025_23.644444_92.725278,23.644444,92.725278,826.0,20.1423397064209
AIZ_GRID_025_23.641667_92.724167,23.641667,92.724167,811.0,23.095861434936523
AIZ_GRID_025_23.640833_92.724722,23.640833,92.724722,842.0,26.116567611694336
AIZ_GRID_025_23.6375_92.722778,23.6375,92.722778,826.0,34.640350341796875
AIZ_GRID_025_23.626111_92.726389,23.626111,92.726389,780.0,32.59394836425781
AIZ_GRID_025_23.6325_92.723889,23.6325,92.723889,798.0,33.97532272338867
AIZ_GRID_025_23.629722_92.725556,23.629722,92.725556,794.0,23.18412399291992
AIZ_GRID_025_23.616111_92.717222,23.616111,92.717222,904.0,17.45937156677246
AIZ_GRID_025_23.618611_92.726111,23.618611,92.726111,807.0,24.19359397888184
AIZ_GRID_025_23.605556_92.725,23.605556,92.725,894.0,25.476280212402344
AIZ_GRID_020_23.586944_92.8175,23.586944,92.8175,623.0,19.414628982543945
AIZ_GRID_019_23.591944_92.750556,23.591944,92.750556,693.0,18.351364135742188
AIZ_GRID_020_23.595_92.816111,23.595,92.816111,590.0,35.0204963684082
AIZ_GRID_027_23.608611_92.809722,23.608611,92.809722,489.0,33.55191421508789
AIZ_GRID_027_23.609722_92.809167,23.609722,92.809167,528.0,29.707422256469727
AIZ_GRID_027_23.613611_92.807778,23.613611,92.807778,541.0,19.768285751342773
AIZ_GRID_027_23.612222_92.805278,23.612222,92.805278,442.0,29.87653160095215
AIZ_GRID_027_23.611389_92.803333,23.611389,92.803333,461.0,40.75917053222656
AIZ_GRID_026_23.616111_92.797778,23.616111,92.797778,407.0,28.669931411743164
AIZ_GRID_026_23.614722_92.795833,23.614722,92.795833,382.0,38.54449462890625
AIZ_GRID_026_23.618611_92.79,23.618611,92.79,321.0,2.9555916786193848
AIZ_GRID_026_23.623333_92.788889,23.623333,92.788889,213.0,39.47304534912109
AIZ_GRID_026_23.623611_92.788889,23.623611,92.788889,221.0,41.08526992797852
AIZ_GRID_026_23.625278_92.786389,23.625278,92.786389,189.0,12.226375579833984
AIZ_GRID_026_23.601111_92.758889,23.601111,92.758889,575.0,24.1611557006836
AIZ_GRID_019_23.595278_92.717222,23.595278,92.717222,732.0,17.710098266601562
AIZ_GRID_019_23.590556_92.716111,23.590556,92.716111,770.0,21.52736473083496
AIZ_GRID_019_23.590278_92.715833,23.590278,92.715833,782.0,20.421350479125977
AIZ_GRID_019_23.586389_92.713889,23.586389,92.713889,823.0,36.12057876586914
AIZ_GRID_019_23.583889_92.711667,23.583889,92.711667,816.0,13.693663597106934
AIZ_GRID_019_23.571389_92.709722,23.571389,92.709722,860.0,27.484453201293945
AIZ_GRID_019_23.570556_92.708889,23.570556,92.708889,889.0,21.697189331054688
AIZ_GRID_019_23.570278_92.707222,23.570278,92.707222,856.0,25.835494995117188
AIZ_GRID_019_23.553889_92.704722,23.553889,92.704722,825.0,11.157310485839844
AIZ_GRID_019_23.554444_92.705278,23.554444,92.705278,821.0,9.732787132263184
AIZ_GRID_019_23.5625_92.707778,23.5625,92.707778,819.0,17.675397872924805
AIZ_GRID_019_23.565556_92.7075,23.565556,92.7075,832.0,34.170413970947266
AIZ_GRID_019_23.55_92.704444,23.55,92.704444,832.0,33.73912811279297
AIZ_GRID_012_23.532222_92.735,23.532222,92.735,990.0,14.769588470458984
AIZ_GRID_012_23.535556_92.723333,23.535556,92.723333,914.0,8.517380714416504
AIZ_GRID_012_23.538056_92.718611,23.538056,92.718611,884.0,12.012615203857422
AIZ_GRID_012_23.548333_92.710833,23.548333,92.710833,937.0,13.521445274353027
AIZ_GRID_012_23.548889_92.705556,23.548889,92.705556,919.0,29.59077835083008
AIZ_GRID_012_23.545_92.703333,23.545,92.703333,863.0,28.738073348999023
AIZ_GRID_011_23.536944_92.6975,23.536944,92.6975,834.0,27.686426162719727
AIZ_GRID_011_23.536111_92.697778,23.536111,92.697778,891.0,36.53855514526367
AIZ_GRID_011_23.535556_92.696944,23.535556,92.696944,871.0,25.01380729675293
AIZ_GRID_011_23.530278_92.696667,23.530278,92.696667,852.0,42.04297256469727
AIZ_GRID_011_23.528611_92.6975,23.528611,92.6975,857.0,34.13237762451172
AIZ_GRID_011_23.527778_92.698611,23.527778,92.698611,820.0,23.665401458740234
AIZ_GRID_012_23.522778_92.702778,23.522778,92.702778,807.0,24.79594039916992
AIZ_GRID_012_23.519444_92.700556,23.519444,92.700556,805.0,25.67679786682129
AIZ_GRID_011_23.514444_92.698056,23.514444,92.698056,826.0,15.696943283081056
AIZ_GRID_011_23.510556_92.699722,23.510556,92.699722,825.0,34.256961822509766
AIZ_GRID_011_23.508611_92.698056,23.508611,92.698056,840.0,25.545066833496094
AIZ_GRID_011_23.506944_92.696389,23.506944,92.696389,847.0,26.36637687683105
AIZ_GRID_011_23.505278_92.6975,23.505278,92.6975,854.0,24.19708824157715
AIZ_GRID_019_23.550278_92.704444,23.550278,92.704444,826.0,30.67173194885254
AIZ_GRID_012_23.543056_92.700556,23.543056,92.700556,796.0,28.20966529846192
AIZ_GRID_011_23.539722_92.699444,23.539722,92.699444,811.0,32.35097122192383
AIZ_GRID_011_23.537778_92.698333,23.537778,92.698333,821.0,30.976280212402344
AIZ_GRID_011_23.542778_92.676389,23.542778,92.676389,660.0,18.54336929321289
AIZ_GRID_011_23.542778_92.674722,23.542778,92.674722,635.0,36.6032600402832
AIZ_GRID_011_23.543333_92.664722,23.543333,92.664722,676.0,18.69658851623535
AIZ_GRID_011_23.541667_92.664722,23.541667,92.664722,707.0,17.52849578857422
AIZ_GRID_011_23.539444_92.665278,23.539444,92.665278,621.0,26.114858627319336
AIZ_GRID_011_23.538889_92.6625,23.538889,92.6625,622.0,17.99090576171875
AIZ_GRID_011_23.539444_92.658889,23.539444,92.658889,567.0,13.249390602111816
AIZ_GRID_011_23.536111_92.655278,23.536111,92.655278,499.0,35.05294418334961
AIZ_GRID_011_23.526944_92.654444,23.526944,92.654444,405.0,22.05249214172364
AIZ_GRID_008_23.450833_92.6825,23.450833,92.6825,905.0,9.49730396270752
AIZ_GRID_004_23.448056_92.683333,23.448056,92.683333,863.0,19.51909446716309
AIZ_GRID_004_23.443333_92.685278,23.443333,92.685278,857.0,13.42956829071045
AIZ_GRID_005_23.427222_92.712778,23.427222,92.712778,919.0,37.948974609375
AIZ_GRID_005_23.416944_92.718056,23.416944,92.718056,1086.0,32.3216667175293
AIZ_GRID_005_23.41_92.749444,23.41,92.749444,1229.0,29.402381896972656
AIZ_GRID_002_23.379722_92.751667,23.379722,92.751667,1289.0,28.547969818115234
AIZ_GRID_002_23.356944_92.770278,23.356944,92.770278,1033.0,27.22526359558105
AIZ_GRID_002_23.356389_92.770278,23.356389,92.770278,1008.0,23.494129180908203
AIZ_GRID_002_23.391667_92.755278,23.391667,92.755278,1306.0,29.517797470092773
AIZ_GRID_006_23.431944_92.760833,23.431944,92.760833,1475.0,26.61834716796875
AIZ_GRID_006_23.441389_92.778889,23.441389,92.778889,1340.0,27.899396896362305
AIZ_GRID_009_23.485556_92.703056,23.485556,92.703056,971.0,18.54336929321289
AIZ_GRID_009_23.490833_92.705556,23.490833,92.705556,1018.0,40.86216735839844
AIZ_GRID_009_23.498611_92.703889,23.498611,92.703889,982.0,35.61542892456055
AIZ_GRID_036_23.661944_92.854167,23.661944,92.854167,844.0,19.49338150024414
AIZ_GRID_036_23.682778_92.8575,23.682778,92.8575,954.0,31.85177993774414
AIZ_GRID_036_23.683056_92.8575,23.683056,92.8575,968.0,20.1423397064209
AIZ_GRID_044_23.713889_92.857222,23.713889,92.857222,854.0,37.932899475097656
AIZ_GRID_036_23.686389_92.858333,23.686389,92.858333,930.0,29.90041923522949
AIZ_GRID_036_23.694722_92.859722,23.694722,92.859722,947.0,18.589183807373047
AIZ_GRID_044_23.714167_92.858056,23.714167,92.858056,888.0,21.22980499267578
AIZ_GRID_044_23.727222_92.854722,23.727222,92.854722,819.0,33.35020446777344
AIZ_GRID_044_23.729722_92.853056,23.729722,92.853056,786.0,31.50731658935547
AIZ_GRID_043_23.731111_92.846389,23.731111,92.846389,712.0,26.61834716796875
AIZ_GRID_043_23.733611_92.843056,23.733611,92.843056,690.0,26.75701713562012
AIZ_GRID_043_23.738333_92.813333,23.738333,92.813333,403.0,23.66083526611328
AIZ_GRID_043_23.736944_92.813611,23.736944,92.813611,410.0,32.32339096069336
AIZ_GRID_043_23.734722_92.813333,23.734722,92.813333,429.0,39.07339096069336
AIZ_GRID_042_23.729167_92.758889,23.729167,92.758889,987.0,20.633180618286133
AIZ_GRID_042_23.73_92.758333,23.73,92.758333,928.0,38.79518508911133
AIZ_GRID_042_23.730556_92.758611,23.730556,92.758611,897.0,42.51365280151367
AIZ_GRID_042_23.729167_92.765833,23.729167,92.765833,780.0,12.226375579833984
AIZ_GRID_042_23.730278_92.768611,23.730278,92.768611,744.0,20.63872718811035
AIZ_GRID_042_23.732222_92.765556,23.732222,92.765556,911.0,23.523117065429688
AIZ_GRID_042_23.737944_92.786139,23.737944,92.786139,562.0,31.820539474487305
AIZ_GRID_042_23.7375_92.788056,23.7375,92.788056,548.0,20.440710067749023
AIZ_GRID_042_23.733889_92.793889,23.733889,92.793889,315.0,17.52849578857422
AIZ_GRID_042_23.722222_92.798611,23.722222,92.798611,197.0,13.943257331848145
AIZ_GRID_042_23.721389_92.799444,23.721389,92.799444,204.0,22.36122703552246
AIZ_GRID_044_23.721389_92.857778,23.721389,92.857778,801.0,27.212526321411133
AIZ_GRID_044_23.720833_92.864722,23.720833,92.864722,819.0,36.6032600402832
AIZ_GRID_044_23.711667_92.878333,23.711667,92.878333,592.0,31.382339477539062
AIZ_GRID_044_23.711111_92.878611,23.711111,92.878611,588.0,28.334793090820312
AIZ_GRID_044_23.703333_92.876389,23.703333,92.876389,575.0,12.124710083007812
AIZ_GRID_043_23.733611_92.848333,23.733611,92.848333,740.0,21.118059158325195
AIZ_GRID_044_23.733611_92.853056,23.733611,92.853056,828.0,35.638023376464844
AIZ_GRID_044_23.735_92.856667,23.735,92.856667,788.0,31.7506046295166
AIZ_GRID_044_23.736667_92.856111,23.736667,92.856111,763.0,31.89004707336425
AIZ_GRID_044_23.735833_92.851944,23.735833,92.851944,708.0,26.08116340637207
AIZ_GRID_044_23.744167_92.855556,23.744167,92.855556,850.0,18.79589080810547
AIZ_GRID_044_23.743611_92.854167,23.743611,92.854167,830.0,28.89985084533692
AIZ_GRID_051_23.761111_92.847778,23.761111,92.847778,791.0,26.51814651489257
AIZ_GRID_052_23.761667_92.850833,23.761667,92.850833,809.0,26.21508979797364
AIZ_GRID_051_23.765278_92.85,23.765278,92.85,780.0,18.54336929321289
AIZ_GRID_052_23.768611_92.851389,23.768611,92.851389,773.0,34.02273178100586
AIZ_GRID_051_23.777778_92.8479,23.777778,92.8479,694.0,27.484453201293945
AIZ_GRID_051_23.774_92.848,23.774,92.848,670.0,22.69641876220703
AIZ_GRID_051_23.7775_92.848333,23.7775,92.848333,700.0,26.6378231048584
AIZ_GRID_051_23.778333_92.846667,23.778333,92.846667,674.0,28.86742782592773
AIZ_GRID_051_23.771667_92.848056,23.771667,92.848056,729.0,34.705848693847656
AIZ_GRID_051_23.773611_92.849444,23.773611,92.849444,736.0,28.08105087280273
AIZ_GRID_059_23.826389_92.8325,23.826389,92.8325,402.0,45.55062484741211
AIZ_GRID_059_23.832778_92.8325,23.832778,92.8325,380.0,26.08116340637207
AIZ_GRID_059_23.838889_92.831944,23.838889,92.831944,260.0,28.50118064880371
AIZ_GRID_059_23.847778_92.836944,23.847778,92.836944,378.0,26.23935508728028
AIZ_GRID_069_23.851944_92.833056,23.851944,92.833056,181.0,17.845069885253906
AIZ_GRID_069_23.862222_92.836667,23.862222,92.836667,249.0,11.025328636169434
AIZ_GRID_069_23.876944_92.84,23.876944,92.84,370.0,28.167573928833008
AIZ_GRID_069_23.877778_92.840833,23.877778,92.840833,361.0,34.81061172485352
AIZ_GRID_070_23.885833_92.850556,23.885833,92.850556,525.0,31.59108543395996
AIZ_GRID_070_23.892778_92.850833,23.892778,92.850833,587.0,34.74893569946289
AIZ_GRID_069_23.891389_92.848889,23.891389,92.848889,576.0,22.02956199645996
AIZ_GRID_069_23.893056_92.847222,23.893056,92.847222,575.0,13.931629180908203
AIZ_GRID_070_23.883611_92.853056,23.883611,92.853056,664.0,29.85790061950684
AIZ_GRID_070_23.885278_92.8575,23.885278,92.8575,716.0,34.47832107543945
AIZ_GRID_050_23.769722_92.76,23.769722,92.76,1190.0,43.00267791748047
AIZ_GRID_019_23.577222_92.712222,23.577222,92.712222,901.0,2.226734161376953
AIZ_GRID_033_23.686803_92.725199,23.686803,92.725199,873.0,42.61337661743164
AIZ_GRID_041_23.700269_92.718168,23.700269,92.718168,1066.0,38.4525260925293
AIZ_GRID_041_23.74247_92.705587,23.74247,92.705587,918.0,32.49155807495117
AIZ_GRID_041_23.729422_92.716596,23.729422,92.716596,1042.0,35.8038215637207
AIZ_GRID_041_23.717553_92.716826,23.717553,92.716826,1012.0,22.38055419921875
AIZ_GRID_041_23.71577_92.713172,23.71577,92.713172,957.0,35.85724639892578
AIZ_GRID_042_23.730243_92.75603,23.730243,92.75603,921.0,22.69641876220703
AIZ_GRID_049_23.75024_92.736662,23.75024,92.736662,1108.0,24.23047637939453
AIZ_GRID_049_23.758901_92.730863,23.758901,92.730863,1076.0,33.829444885253906
AIZ_GRID_049_23.755925_92.726753,23.755925,92.726753,1021.0,41.42621612548828
AIZ_GRID_041_23.745802_92.717053,23.745802,92.717053,915.0,32.2030029296875
AIZ_GRID_025_23.605091_92.72184,23.605091,92.72184,816.0,34.888572692871094
AIZ_GRID_019_23.581766_92.713413,23.581766,92.713413,867.0,36.09857177734375
AIZ_GRID_009_23.469247_92.744068,23.469247,92.744068,1357.0,20.974666595458984
AIZ_GRID_006_23.410771_92.753123,23.410771,92.753123,1116.0,31.887178421020508
AIZ_GRID_002_23.367366_92.767304,23.367366,92.767304,1162.0,51.299564361572266
AIZ_GRID_002_23.353485_92.780193,23.353485,92.780193,867.0,28.21599006652832
AIZ_GRID_002_23.350187_92.778852,23.350187,92.778852,834.0,32.65620803833008
AIZ_GRID_002_23.341022_92.776761,23.341022,92.776761,759.0,31.89004707336425
AIZ_GRID_002_23.339144_92.786128,23.339144,92.786128,700.0,9.49730396270752
AIZ_GRID_002_23.336229_92.787113,23.336229,92.787113,687.0,37.87282943725586
AIZ_GRID_044_23.700835_92.877449,23.700835,92.877449,533.0,23.25823783874512
AIZ_GRID_051_23.760466_92.848969,23.760466,92.848969,828.0,4.1494646072387695
AIZ_GRID_059_23.807952_92.834037,23.807952,92.834037,511.0,21.821081161499023
AIZ_GRID_116_24.285871_92.94599,24.285871,92.94599,923.0,19.28753471374512
AIZ_GRID_116_24.288014_92.946017,24.288014,92.946017,924.0,29.38678359985352
AIZ_GRID_122_24.354658_92.925511,24.354658,92.925511,683.0,16.021011352539062
AIZ_GRID_122_24.365715_92.930137,24.365715,92.930137,609.0,23.10662841796875
AIZ_GRID_044_23.747519_92.853155,23.747519,92.853155,813.0,11.15342903137207
AIZ_GRID_041_23.701667_92.719444,23.701667,92.719444,1027.0,37.87282943725586
AIZ_GRID_041_23.741908_92.741614,23.741908,92.741614,888.0,22.519908905029297
AIZ_GRID_036_23.684167_92.857083,23.684167,92.857083,959.0,15.467188835144045
AIZ_GRID_041_23.716889_92.720833,23.716889,92.720833,1016.0,31.827539443969727
AIZ_GRID_041_23.741508_92.707858,23.741508,92.707858,893.0,36.64385223388672
AIZ_GRID_009_23.47_92.7215,23.47,92.7215,1086.0,32.07890701293945
AIZ_GRID_009_23.4688_92.7208,23.4688,92.7208,1141.0,25.37133026123047
AIZ_GRID_009_23.4855_92.7033,23.4855,92.7033,957.0,24.25544166564941
AIZ_GRID_009_23.4946_92.7044,23.4946,92.7044,905.0,31.02042388916016
AIZ_GRID_012_23.524999_92.725004,23.524999,92.725004,861.0,18.92451286315918
AIZ_GRID_009_23.474999_92.725004,23.474999,92.725004,967.0,22.421056747436523
AIZ_GRID_050_23.774999_92.775004,23.774999,92.775004,640.0,38.00202560424805
AIZ_GRID_059_23.824999_92.825004,23.824999,92.825004,431.0,20.12483024597168
AIZ_GRID_044_23.724999_92.875004,23.724999,92.875004,463.0,26.29429626464844
AIZ_GRID_002_23.374999_92.775004,23.374999,92.775004,1258.0,28.33089637756348
AIZ_GRID_019_23.574999_92.725004,23.574999,92.725004,712.0,22.656633377075195
AIZ_GRID_008_23.474999_92.675004,23.474999,92.675004,511.0,23.73074722290039
AIZ_GRID_041_23.724999_92.725004,23.724999,92.725004,902.0,8.836584091186523
AIZ_GRID_122_24.374999_92.925004,24.374999,92.925004,292.0,21.000205993652344
AIZ_GRID_117_24.274999_92.975004,24.274999,92.975004,544.0,28.460250854492188
AIZ_GRID_036_23.674999_92.875004,23.674999,92.875004,513.0,33.69331741333008
AIZ_GRID_020_23.574999_92.825004,23.574999,92.825004,624.0,24.16557502746582
AIZ_GRID_028_23.624999_92.875004,23.624999,92.875004,467.0,23.672719955444336
AIZ_GRID_042_23.724999_92.775004,23.724999,92.775004,913.0,14.976007461547852
AIZ_GRID_051_23.774999_92.825004,23.774999,92.825004,370.0,22.39339828491211
AIZ_GRID_027_23.624999_92.825004,23.624999,92.825004,383.0,30.00912475585937
AIZ_GRID_025_23.624999_92.725004,23.624999,92.725004,804.0,16.64626693725586
AIZ_GRID_011_23.524999_92.675004,23.524999,92.675004,287.0,18.75066566467285
AIZ_GRID_026_23.624999_92.775004,23.624999,92.775004,364.0,28.36828994750977
AIZ_GRID_069_23.874999_92.825004,23.874999,92.825004,497.0,39.14694595336914
AIZ_GRID_111_24.174999_92.925004,24.174999,92.925004,391.0,18.949432373046875
AIZ_GRID_043_23.724999_92.825004,23.724999,92.825004,355.0,25.548095703125
AIZ_GRID_033_23.674999_92.725004,23.674999,92.725004,693.0,16.65552520751953
AIZ_GRID_040_23.724999_92.675004,23.724999,92.675004,602.0,16.792776107788086
AIZ_GRID_048_23.774999_92.675004,23.774999,92.675004,633.0,17.809877395629883
AIZ_GRID_004_23.424999_92.675004,23.424999,92.675004,561.0,25.10403823852539
AIZ_GRID_005_23.424999_92.725004,23.424999,92.725004,724.0,12.203960418701172
AIZ_GRID_049_23.774999_92.725004,23.774999,92.725004,1176.0,11.863102912902832
AIZ_GRID_052_23.774999_92.875004,23.774999,92.875004,641.0,39.927764892578125
AIZ_GRID_070_23.874999_92.875004,23.874999,92.875004,937.0,7.558364391326904
AIZ_GRID_057_23.824999_92.725004,23.824999,92.725004,751.0,35.48188781738281
AIZ_GRID_032_23.674999_92.675004,23.674999,92.675004,929.0,10.597792625427246
AIZ_GRID_006_23.424999_92.775004,23.424999,92.775004,1121.0,26.242820739746094
AIZ_GRID_116_24.274999_92.925004,24.274999,92.925004,435.0,17.16617202758789
